<environment>
	<graph label="map_a">
		<vertex id="v2" label="v2" priority="0" visibility="true" idleness="0.0" fuel="false" is_enabled="true"/>
		<vertex id="v41" label="v41" priority="0" visibility="true" idleness="0.0" fuel="false" is_enabled="true"/>
		<vertex id="v36" label="v36" priority="0" visibility="true" idleness="0.0" fuel="false" is_enabled="true"/>
		<vertex id="v35" label="v35" priority="0" visibility="true" idleness="0.0" fuel="false" is_enabled="true"/>
		<vertex id="v48" label="v48" priority="0" visibility="true" idleness="0.0" fuel="false" is_enabled="true"/>
		<vertex id="v23" label="v23" priority="0" visibility="true" idleness="0.0" fuel="false" is_enabled="true"/>
		<vertex id="v21" label="v21" priority="0" visibility="true" idleness="0.0" fuel="false" is_enabled="true"/>
		<vertex id="v22" label="v22" priority="0" visibility="true" idleness="0.0" fuel="false" is_enabled="true"/>
		<vertex id="v50" label="v50" priority="0" visibility="true" idleness="0.0" fuel="false" is_enabled="true"/>
		<vertex id="v28" label="v28" priority="0" visibility="true" idleness="0.0" fuel="false" is_enabled="true"/>
		<vertex id="v16" label="v16" priority="0" visibility="true" idleness="0.0" fuel="false" is_enabled="true"/>
		<vertex id="v38" label="v38" priority="0" visibility="true" idleness="0.0" fuel="false" is_enabled="true"/>
		<vertex id="v5" label="v5" priority="0" visibility="true" idleness="0.0" fuel="false" is_enabled="true"/>
		<vertex id="v9" label="v9" priority="0" visibility="true" idleness="0.0" fuel="false" is_enabled="true"/>
		<vertex id="v26" label="v26" priority="0" visibility="true" idleness="0.0" fuel="false" is_enabled="true"/>
		<vertex id="v31" label="v31" priority="0" visibility="true" idleness="0.0" fuel="false" is_enabled="true"/>
		<vertex id="v47" label="v47" priority="0" visibility="true" idleness="0.0" fuel="false" is_enabled="true"/>
		<vertex id="v12" label="v12" priority="0" visibility="true" idleness="0.0" fuel="false" is_enabled="true"/>
		<vertex id="v46" label="v46" priority="0" visibility="true" idleness="0.0" fuel="false" is_enabled="true"/>
		<vertex id="v25" label="v25" priority="0" visibility="true" idleness="0.0" fuel="false" is_enabled="true"/>
		<vertex id="v37" label="v37" priority="0" visibility="true" idleness="0.0" fuel="false" is_enabled="true"/>
		<vertex id="v42" label="v42" priority="0" visibility="true" idleness="0.0" fuel="false" is_enabled="true"/>
		<vertex id="v17" label="v17" priority="0" visibility="true" idleness="0.0" fuel="false" is_enabled="true"/>
		<vertex id="v3" label="v3" priority="0" visibility="true" idleness="0.0" fuel="false" is_enabled="true"/>
		<vertex id="v20" label="v20" priority="0" visibility="true" idleness="0.0" fuel="false" is_enabled="true"/>
		<vertex id="v24" label="v24" priority="0" visibility="true" idleness="0.0" fuel="false" is_enabled="true"/>
		<vertex id="v11" label="v11" priority="0" visibility="true" idleness="0.0" fuel="false" is_enabled="true"/>
		<vertex id="v40" label="v40" priority="0" visibility="true" idleness="0.0" fuel="false" is_enabled="true"/>
		<vertex id="v39" label="v39" priority="0" visibility="true" idleness="0.0" fuel="false" is_enabled="true"/>
		<vertex id="v34" label="v34" priority="0" visibility="true" idleness="0.0" fuel="false" is_enabled="true"/>
		<vertex id="v30" label="v30" priority="0" visibility="true" idleness="0.0" fuel="false" is_enabled="true"/>
		<vertex id="v18" label="v18" priority="0" visibility="true" idleness="0.0" fuel="false" is_enabled="true"/>
		<vertex id="v27" label="v27" priority="0" visibility="true" idleness="0.0" fuel="false" is_enabled="true"/>
		<vertex id="v10" label="v10" priority="0" visibility="true" idleness="0.0" fuel="false" is_enabled="true"/>
		<vertex id="v44" label="v44" priority="0" visibility="true" idleness="0.0" fuel="false" is_enabled="true"/>
		<vertex id="v29" label="v29" priority="0" visibility="true" idleness="0.0" fuel="false" is_enabled="true"/>
		<vertex id="v4" label="v4" priority="0" visibility="true" idleness="0.0" fuel="false" is_enabled="true"/>
		<vertex id="v6" label="v6" priority="0" visibility="true" idleness="0.0" fuel="false" is_enabled="true"/>
		<vertex id="v33" label="v33" priority="0" visibility="true" idleness="0.0" fuel="false" is_enabled="true"/>
		<vertex id="v43" label="v43" priority="0" visibility="true" idleness="0.0" fuel="false" is_enabled="true"/>
		<vertex id="v19" label="v19" priority="0" visibility="true" idleness="0.0" fuel="false" is_enabled="true"/>
		<vertex id="v7" label="v7" priority="0" visibility="true" idleness="0.0" fuel="false" is_enabled="true"/>
		<vertex id="v14" label="v14" priority="0" visibility="true" idleness="0.0" fuel="false" is_enabled="true"/>
		<vertex id="v8" label="v8" priority="0" visibility="true" idleness="0.0" fuel="false" is_enabled="true"/>
		<vertex id="v13" label="v13" priority="0" visibility="true" idleness="0.0" fuel="false" is_enabled="true"/>
		<vertex id="v49" label="v49" priority="0" visibility="true" idleness="0.0" fuel="false" is_enabled="true"/>
		<vertex id="v45" label="v45" priority="0" visibility="true" idleness="0.0" fuel="false" is_enabled="true"/>
		<vertex id="v15" label="v15" priority="0" visibility="true" idleness="0.0" fuel="false" is_enabled="true"/>
		<vertex id="v1" label="v1" priority="0" visibility="true" idleness="0.0" fuel="false" is_enabled="true"/>
		<vertex id="v32" label="v32" priority="0" visibility="true" idleness="0.0" fuel="false" is_enabled="true"/>
		<edge id="e83" emitter_id="v13" collector_id="v21" oriented="false" length="11.180339887498949" visibility="true" is_enabled="true" is_in_dynamic_emitter_memory="false" is_in_dynamic_collector_memory="false"/>
		<edge id="e102" emitter_id="v31" collector_id="v19" oriented="false" length="6.4031242374328485" visibility="true" is_enabled="true" is_in_dynamic_emitter_memory="false" is_in_dynamic_collector_memory="false"/>
		<edge id="e44" emitter_id="v17" collector_id="v31" oriented="false" length="2.0" visibility="true" is_enabled="true" is_in_dynamic_emitter_memory="false" is_in_dynamic_collector_memory="false"/>
		<edge id="e22" emitter_id="v14" collector_id="v17" oriented="false" length="14.0" visibility="true" is_enabled="true" is_in_dynamic_emitter_memory="false" is_in_dynamic_collector_memory="false"/>
		<edge id="e89" emitter_id="v47" collector_id="v40" oriented="false" length="11.180339887498949" visibility="true" is_enabled="true" is_in_dynamic_emitter_memory="false" is_in_dynamic_collector_memory="false"/>
		<edge id="e47" emitter_id="v33" collector_id="v34" oriented="false" length="8.94427190999916" visibility="true" is_enabled="true" is_in_dynamic_emitter_memory="false" is_in_dynamic_collector_memory="false"/>
		<edge id="e25" emitter_id="v18" collector_id="v20" oriented="false" length="5.0" visibility="true" is_enabled="true" is_in_dynamic_emitter_memory="false" is_in_dynamic_collector_memory="false"/>
		<edge id="e52" emitter_id="v36" collector_id="v37" oriented="false" length="8.0" visibility="true" is_enabled="true" is_in_dynamic_emitter_memory="false" is_in_dynamic_collector_memory="false"/>
		<edge id="e24" emitter_id="v16" collector_id="v19" oriented="false" length="11.180339887498949" visibility="true" is_enabled="true" is_in_dynamic_emitter_memory="false" is_in_dynamic_collector_memory="false"/>
		<edge id="e96" emitter_id="v42" collector_id="v30" oriented="false" length="7.280109889280518" visibility="true" is_enabled="true" is_in_dynamic_emitter_memory="false" is_in_dynamic_collector_memory="false"/>
		<edge id="e38" emitter_id="v27" collector_id="v28" oriented="false" length="20.0" visibility="true" is_enabled="true" is_in_dynamic_emitter_memory="false" is_in_dynamic_collector_memory="false"/>
		<edge id="e8" emitter_id="v4" collector_id="v7" oriented="false" length="6.0" visibility="true" is_enabled="true" is_in_dynamic_emitter_memory="false" is_in_dynamic_collector_memory="false"/>
		<edge id="e15" emitter_id="v11" collector_id="v12" oriented="false" length="5.830951894845301" visibility="true" is_enabled="true" is_in_dynamic_emitter_memory="false" is_in_dynamic_collector_memory="false"/>
		<edge id="e2" emitter_id="v2" collector_id="v3" oriented="false" length="7.0" visibility="true" is_enabled="true" is_in_dynamic_emitter_memory="false" is_in_dynamic_collector_memory="false"/>
		<edge id="e45" emitter_id="v31" collector_id="v32" oriented="false" length="10.0" visibility="true" is_enabled="true" is_in_dynamic_emitter_memory="false" is_in_dynamic_collector_memory="false"/>
		<edge id="e74" emitter_id="v6" collector_id="v43" oriented="false" length="5.830951894845301" visibility="true" is_enabled="true" is_in_dynamic_emitter_memory="false" is_in_dynamic_collector_memory="false"/>
		<edge id="e6" emitter_id="v4" collector_id="v5" oriented="false" length="6.082762530298219" visibility="true" is_enabled="true" is_in_dynamic_emitter_memory="false" is_in_dynamic_collector_memory="false"/>
		<edge id="e105" emitter_id="v29" collector_id="v34" oriented="false" length="9.219544457292887" visibility="true" is_enabled="true" is_in_dynamic_emitter_memory="false" is_in_dynamic_collector_memory="false"/>
		<edge id="e12" emitter_id="v7" collector_id="v9" oriented="false" length="4.0" visibility="true" is_enabled="true" is_in_dynamic_emitter_memory="false" is_in_dynamic_collector_memory="false"/>
		<edge id="e49" emitter_id="v32" collector_id="v35" oriented="false" length="3.0" visibility="true" is_enabled="true" is_in_dynamic_emitter_memory="false" is_in_dynamic_collector_memory="false"/>
		<edge id="e51" emitter_id="v30" collector_id="v36" oriented="false" length="9.0" visibility="true" is_enabled="true" is_in_dynamic_emitter_memory="false" is_in_dynamic_collector_memory="false"/>
		<edge id="e4" emitter_id="v2" collector_id="v5" oriented="false" length="8.0" visibility="true" is_enabled="true" is_in_dynamic_emitter_memory="false" is_in_dynamic_collector_memory="false"/>
		<edge id="e61" emitter_id="v44" collector_id="v45" oriented="false" length="6.0" visibility="true" is_enabled="true" is_in_dynamic_emitter_memory="false" is_in_dynamic_collector_memory="false"/>
		<edge id="e21" emitter_id="v14" collector_id="v16" oriented="false" length="2.0" visibility="true" is_enabled="true" is_in_dynamic_emitter_memory="false" is_in_dynamic_collector_memory="false"/>
		<edge id="e91" emitter_id="v48" collector_id="v37" oriented="false" length="4.47213595499958" visibility="true" is_enabled="true" is_in_dynamic_emitter_memory="false" is_in_dynamic_collector_memory="false"/>
		<edge id="e63" emitter_id="v46" collector_id="v47" oriented="false" length="4.0" visibility="true" is_enabled="true" is_in_dynamic_emitter_memory="false" is_in_dynamic_collector_memory="false"/>
		<edge id="e23" emitter_id="v16" collector_id="v18" oriented="false" length="6.708203932499369" visibility="true" is_enabled="true" is_in_dynamic_emitter_memory="false" is_in_dynamic_collector_memory="false"/>
		<edge id="e87" emitter_id="v39" collector_id="v48" oriented="false" length="4.123105625617661" visibility="true" is_enabled="true" is_in_dynamic_emitter_memory="false" is_in_dynamic_collector_memory="false"/>
		<edge id="e27" emitter_id="v20" collector_id="v22" oriented="false" length="9.055385138137417" visibility="true" is_enabled="true" is_in_dynamic_emitter_memory="false" is_in_dynamic_collector_memory="false"/>
		<edge id="e81" emitter_id="v12" collector_id="v20" oriented="false" length="5.0" visibility="true" is_enabled="true" is_in_dynamic_emitter_memory="false" is_in_dynamic_collector_memory="false"/>
		<edge id="e75" emitter_id="v8" collector_id="v43" oriented="false" length="8.54400374531753" visibility="true" is_enabled="true" is_in_dynamic_emitter_memory="false" is_in_dynamic_collector_memory="false"/>
		<edge id="e66" emitter_id="v49" collector_id="v48" oriented="false" length="5.0" visibility="true" is_enabled="true" is_in_dynamic_emitter_memory="false" is_in_dynamic_collector_memory="false"/>
		<edge id="e5" emitter_id="v3" collector_id="v6" oriented="false" length="9.0" visibility="true" is_enabled="true" is_in_dynamic_emitter_memory="false" is_in_dynamic_collector_memory="false"/>
		<edge id="e57" emitter_id="v15" collector_id="v41" oriented="false" length="5.0" visibility="true" is_enabled="true" is_in_dynamic_emitter_memory="false" is_in_dynamic_collector_memory="false"/>
		<edge id="e3" emitter_id="v1" collector_id="v4" oriented="false" length="9.0" visibility="true" is_enabled="true" is_in_dynamic_emitter_memory="false" is_in_dynamic_collector_memory="false"/>
		<edge id="e1" emitter_id="v1" collector_id="v2" oriented="false" length="6.0" visibility="true" is_enabled="true" is_in_dynamic_emitter_memory="false" is_in_dynamic_collector_memory="false"/>
		<edge id="e7" emitter_id="v4" collector_id="v6" oriented="false" length="13.0" visibility="true" is_enabled="true" is_in_dynamic_emitter_memory="false" is_in_dynamic_collector_memory="false"/>
		<edge id="e13" emitter_id="v9" collector_id="v10" oriented="false" length="5.0" visibility="true" is_enabled="true" is_in_dynamic_emitter_memory="false" is_in_dynamic_collector_memory="false"/>
		<edge id="e41" emitter_id="v19" collector_id="v29" oriented="false" length="7.0710678118654755" visibility="true" is_enabled="true" is_in_dynamic_emitter_memory="false" is_in_dynamic_collector_memory="false"/>
		<edge id="e50" emitter_id="v35" collector_id="v30" oriented="false" length="5.0990195135927845" visibility="true" is_enabled="true" is_in_dynamic_emitter_memory="false" is_in_dynamic_collector_memory="false"/>
		<edge id="e88" emitter_id="v39" collector_id="v37" oriented="false" length="3.0" visibility="true" is_enabled="true" is_in_dynamic_emitter_memory="false" is_in_dynamic_collector_memory="false"/>
		<edge id="e80" emitter_id="v12" collector_id="v18" oriented="false" length="6.0" visibility="true" is_enabled="true" is_in_dynamic_emitter_memory="false" is_in_dynamic_collector_memory="false"/>
		<edge id="e82" emitter_id="v12" collector_id="v21" oriented="false" length="6.082762530298219" visibility="true" is_enabled="true" is_in_dynamic_emitter_memory="false" is_in_dynamic_collector_memory="false"/>
		<edge id="e62" emitter_id="v45" collector_id="v46" oriented="false" length="12.0" visibility="true" is_enabled="true" is_in_dynamic_emitter_memory="false" is_in_dynamic_collector_memory="false"/>
		<edge id="e18" emitter_id="v13" collector_id="v12" oriented="false" length="15.556349186104045" visibility="true" is_enabled="true" is_in_dynamic_emitter_memory="false" is_in_dynamic_collector_memory="false"/>
		<edge id="e35" emitter_id="v26" collector_id="v22" oriented="false" length="7.280109889280518" visibility="true" is_enabled="true" is_in_dynamic_emitter_memory="false" is_in_dynamic_collector_memory="false"/>
		<edge id="e33" emitter_id="v25" collector_id="v23" oriented="false" length="5.0" visibility="true" is_enabled="true" is_in_dynamic_emitter_memory="false" is_in_dynamic_collector_memory="false"/>
		<edge id="e28" emitter_id="v21" collector_id="v22" oriented="false" length="13.038404810405298" visibility="true" is_enabled="true" is_in_dynamic_emitter_memory="false" is_in_dynamic_collector_memory="false"/>
		<edge id="e104" emitter_id="v33" collector_id="v29" oriented="false" length="6.082762530298219" visibility="true" is_enabled="true" is_in_dynamic_emitter_memory="false" is_in_dynamic_collector_memory="false"/>
		<edge id="e17" emitter_id="v10" collector_id="v13" oriented="false" length="11.0" visibility="true" is_enabled="true" is_in_dynamic_emitter_memory="false" is_in_dynamic_collector_memory="false"/>
		<edge id="e92" emitter_id="v49" collector_id="v37" oriented="false" length="8.06225774829855" visibility="true" is_enabled="true" is_in_dynamic_emitter_memory="false" is_in_dynamic_collector_memory="false"/>
		<edge id="e68" emitter_id="v49" collector_id="v50" oriented="false" length="9.486832980505138" visibility="true" is_enabled="true" is_in_dynamic_emitter_memory="false" is_in_dynamic_collector_memory="false"/>
		<edge id="e98" emitter_id="v42" collector_id="v19" oriented="false" length="11.180339887498949" visibility="true" is_enabled="true" is_in_dynamic_emitter_memory="false" is_in_dynamic_collector_memory="false"/>
		<edge id="e58" emitter_id="v15" collector_id="v42" oriented="false" length="12.0" visibility="true" is_enabled="true" is_in_dynamic_emitter_memory="false" is_in_dynamic_collector_memory="false"/>
		<edge id="e54" emitter_id="v39" collector_id="v38" oriented="false" length="8.0" visibility="true" is_enabled="true" is_in_dynamic_emitter_memory="false" is_in_dynamic_collector_memory="false"/>
		<edge id="e93" emitter_id="v37" collector_id="v50" oriented="false" length="4.123105625617661" visibility="true" is_enabled="true" is_in_dynamic_emitter_memory="false" is_in_dynamic_collector_memory="false"/>
		<edge id="e26" emitter_id="v20" collector_id="v21" oriented="false" length="4.47213595499958" visibility="true" is_enabled="true" is_in_dynamic_emitter_memory="false" is_in_dynamic_collector_memory="false"/>
		<edge id="e103" emitter_id="v19" collector_id="v33" oriented="false" length="6.082762530298219" visibility="true" is_enabled="true" is_in_dynamic_emitter_memory="false" is_in_dynamic_collector_memory="false"/>
		<edge id="e59" emitter_id="v41" collector_id="v43" oriented="false" length="3.0" visibility="true" is_enabled="true" is_in_dynamic_emitter_memory="false" is_in_dynamic_collector_memory="false"/>
		<edge id="e99" emitter_id="v42" collector_id="v14" oriented="false" length="12.649110640673518" visibility="true" is_enabled="true" is_in_dynamic_emitter_memory="false" is_in_dynamic_collector_memory="false"/>
		<edge id="e55" emitter_id="v39" collector_id="v37" oriented="false" length="3.0" visibility="true" is_enabled="true" is_in_dynamic_emitter_memory="false" is_in_dynamic_collector_memory="false"/>
		<edge id="e76" emitter_id="v8" collector_id="v41" oriented="false" length="8.0" visibility="true" is_enabled="true" is_in_dynamic_emitter_memory="false" is_in_dynamic_collector_memory="false"/>
		<edge id="e34" emitter_id="v23" collector_id="v26" oriented="false" length="7.0" visibility="true" is_enabled="true" is_in_dynamic_emitter_memory="false" is_in_dynamic_collector_memory="false"/>
		<edge id="e86" emitter_id="v39" collector_id="v40" oriented="false" length="11.40175425099138" visibility="true" is_enabled="true" is_in_dynamic_emitter_memory="false" is_in_dynamic_collector_memory="false"/>
		<edge id="e69" emitter_id="v50" collector_id="v42" oriented="false" length="3.0" visibility="true" is_enabled="true" is_in_dynamic_emitter_memory="false" is_in_dynamic_collector_memory="false"/>
		<edge id="e32" emitter_id="v25" collector_id="v24" oriented="false" length="8.602325267042627" visibility="true" is_enabled="true" is_in_dynamic_emitter_memory="false" is_in_dynamic_collector_memory="false"/>
		<edge id="e60" emitter_id="v43" collector_id="v44" oriented="false" length="6.0" visibility="true" is_enabled="true" is_in_dynamic_emitter_memory="false" is_in_dynamic_collector_memory="false"/>
		<edge id="e11" emitter_id="v7" collector_id="v8" oriented="false" length="10.0" visibility="true" is_enabled="true" is_in_dynamic_emitter_memory="false" is_in_dynamic_collector_memory="false"/>
		<edge id="e78" emitter_id="v11" collector_id="v41" oriented="false" length="5.656854249492381" visibility="true" is_enabled="true" is_in_dynamic_emitter_memory="false" is_in_dynamic_collector_memory="false"/>
		<edge id="e39" emitter_id="v22" collector_id="v19" oriented="false" length="10.44030650891055" visibility="true" is_enabled="true" is_in_dynamic_emitter_memory="false" is_in_dynamic_collector_memory="false"/>
		<edge id="e65" emitter_id="v49" collector_id="v44" oriented="false" length="8.54400374531753" visibility="true" is_enabled="true" is_in_dynamic_emitter_memory="false" is_in_dynamic_collector_memory="false"/>
		<edge id="e72" emitter_id="v6" collector_id="v45" oriented="false" length="10.295630140987" visibility="true" is_enabled="true" is_in_dynamic_emitter_memory="false" is_in_dynamic_collector_memory="false"/>
		<edge id="e30" emitter_id="v21" collector_id="v24" oriented="false" length="10.63014581273465" visibility="true" is_enabled="true" is_in_dynamic_emitter_memory="false" is_in_dynamic_collector_memory="false"/>
		<edge id="e46" emitter_id="v31" collector_id="v33" oriented="false" length="4.47213595499958" visibility="true" is_enabled="true" is_in_dynamic_emitter_memory="false" is_in_dynamic_collector_memory="false"/>
		<edge id="e71" emitter_id="v3" collector_id="v44" oriented="false" length="7.810249675906654" visibility="true" is_enabled="true" is_in_dynamic_emitter_memory="false" is_in_dynamic_collector_memory="false"/>
		<edge id="e48" emitter_id="v34" collector_id="v32" oriented="false" length="8.0" visibility="true" is_enabled="true" is_in_dynamic_emitter_memory="false" is_in_dynamic_collector_memory="false"/>
		<edge id="e77" emitter_id="v8" collector_id="v16" oriented="false" length="14.317821063276353" visibility="true" is_enabled="true" is_in_dynamic_emitter_memory="false" is_in_dynamic_collector_memory="false"/>
		<edge id="e64" emitter_id="v46" collector_id="v48" oriented="false" length="6.0" visibility="true" is_enabled="true" is_in_dynamic_emitter_memory="false" is_in_dynamic_collector_memory="false"/>
		<edge id="e36" emitter_id="v26" collector_id="v27" oriented="false" length="4.47213595499958" visibility="true" is_enabled="true" is_in_dynamic_emitter_memory="false" is_in_dynamic_collector_memory="false"/>
		<edge id="e90" emitter_id="v47" collector_id="v39" oriented="false" length="5.0" visibility="true" is_enabled="true" is_in_dynamic_emitter_memory="false" is_in_dynamic_collector_memory="false"/>
		<edge id="e84" emitter_id="v13" collector_id="v24" oriented="false" length="4.242640687119285" visibility="true" is_enabled="true" is_in_dynamic_emitter_memory="false" is_in_dynamic_collector_memory="false"/>
		<edge id="e67" emitter_id="v49" collector_id="v43" oriented="false" length="8.54400374531753" visibility="true" is_enabled="true" is_in_dynamic_emitter_memory="false" is_in_dynamic_collector_memory="false"/>
		<edge id="e100" emitter_id="v15" collector_id="v19" oriented="false" length="14.866068747318506" visibility="true" is_enabled="true" is_in_dynamic_emitter_memory="false" is_in_dynamic_collector_memory="false"/>
		<edge id="e14" emitter_id="v8" collector_id="v11" oriented="false" length="5.656854249492381" visibility="true" is_enabled="true" is_in_dynamic_emitter_memory="false" is_in_dynamic_collector_memory="false"/>
		<edge id="e95" emitter_id="v50" collector_id="v30" oriented="false" length="8.602325267042627" visibility="true" is_enabled="true" is_in_dynamic_emitter_memory="false" is_in_dynamic_collector_memory="false"/>
		<edge id="e94" emitter_id="v50" collector_id="v36" oriented="false" length="8.06225774829855" visibility="true" is_enabled="true" is_in_dynamic_emitter_memory="false" is_in_dynamic_collector_memory="false"/>
		<edge id="e29" emitter_id="v21" collector_id="v23" oriented="false" length="7.211102550927978" visibility="true" is_enabled="true" is_in_dynamic_emitter_memory="false" is_in_dynamic_collector_memory="false"/>
		<edge id="e40" emitter_id="v22" collector_id="v29" oriented="false" length="15.132745950421556" visibility="true" is_enabled="true" is_in_dynamic_emitter_memory="false" is_in_dynamic_collector_memory="false"/>
		<edge id="e53" emitter_id="v36" collector_id="v38" oriented="false" length="3.0" visibility="true" is_enabled="true" is_in_dynamic_emitter_memory="false" is_in_dynamic_collector_memory="false"/>
		<edge id="e16" emitter_id="v10" collector_id="v12" oriented="false" length="11.0" visibility="true" is_enabled="true" is_in_dynamic_emitter_memory="false" is_in_dynamic_collector_memory="false"/>
		<edge id="e70" emitter_id="v3" collector_id="v45" oriented="false" length="5.0" visibility="true" is_enabled="true" is_in_dynamic_emitter_memory="false" is_in_dynamic_collector_memory="false"/>
		<edge id="e106" emitter_id="v34" collector_id="v28" oriented="false" length="9.219544457292887" visibility="true" is_enabled="true" is_in_dynamic_emitter_memory="false" is_in_dynamic_collector_memory="false"/>
		<edge id="e42" emitter_id="v29" collector_id="v28" oriented="false" length="9.899494936611665" visibility="true" is_enabled="true" is_in_dynamic_emitter_memory="false" is_in_dynamic_collector_memory="false"/>
		<edge id="e10" emitter_id="v6" collector_id="v8" oriented="false" length="6.708203932499369" visibility="true" is_enabled="true" is_in_dynamic_emitter_memory="false" is_in_dynamic_collector_memory="false"/>
		<edge id="e20" emitter_id="v14" collector_id="v15" oriented="false" length="4.0" visibility="true" is_enabled="true" is_in_dynamic_emitter_memory="false" is_in_dynamic_collector_memory="false"/>
		<edge id="e56" emitter_id="v38" collector_id="v40" oriented="false" length="4.242640687119285" visibility="true" is_enabled="true" is_in_dynamic_emitter_memory="false" is_in_dynamic_collector_memory="false"/>
		<edge id="e43" emitter_id="v17" collector_id="v30" oriented="false" length="5.385164807134504" visibility="true" is_enabled="true" is_in_dynamic_emitter_memory="false" is_in_dynamic_collector_memory="false"/>
		<edge id="e37" emitter_id="v24" collector_id="v27" oriented="false" length="22.0" visibility="true" is_enabled="true" is_in_dynamic_emitter_memory="false" is_in_dynamic_collector_memory="false"/>
		<edge id="e97" emitter_id="v42" collector_id="v17" oriented="false" length="4.47213595499958" visibility="true" is_enabled="true" is_in_dynamic_emitter_memory="false" is_in_dynamic_collector_memory="false"/>
		<edge id="e73" emitter_id="v6" collector_id="v44" oriented="false" length="5.830951894845301" visibility="true" is_enabled="true" is_in_dynamic_emitter_memory="false" is_in_dynamic_collector_memory="false"/>
		<edge id="e19" emitter_id="v11" collector_id="v14" oriented="false" length="9.0" visibility="true" is_enabled="true" is_in_dynamic_emitter_memory="false" is_in_dynamic_collector_memory="false"/>
		<edge id="e9" emitter_id="v5" collector_id="v6" oriented="false" length="7.0710678118654755" visibility="true" is_enabled="true" is_in_dynamic_emitter_memory="false" is_in_dynamic_collector_memory="false"/>
		<edge id="e101" emitter_id="v16" collector_id="v17" oriented="false" length="14.142135623730951" visibility="true" is_enabled="true" is_in_dynamic_emitter_memory="false" is_in_dynamic_collector_memory="false"/>
		<edge id="e31" emitter_id="v25" collector_id="v21" oriented="false" length="3.0" visibility="true" is_enabled="true" is_in_dynamic_emitter_memory="false" is_in_dynamic_collector_memory="false"/>
		<edge id="e85" emitter_id="v18" collector_id="v15" oriented="false" length="10.816653826391969" visibility="true" is_enabled="true" is_in_dynamic_emitter_memory="false" is_in_dynamic_collector_memory="false"/>
		<edge id="e79" emitter_id="v11" collector_id="v18" oriented="false" length="5.830951894845301" visibility="true" is_enabled="true" is_in_dynamic_emitter_memory="false" is_in_dynamic_collector_memory="false"/>
	</graph>
	<society id="s_hpcc_5_i" label="hpcc_5_i" is_closed="true">
		<agent id="a4" label="a4" state="1" vertex_id="v3" stamina="1.0" max_stamina="1.0">
			<allowed_perception type="4"/>
			<allowed_perception type="3"/>
			<allowed_perception type="0"/>
			<allowed_action type="2"/>
			<allowed_action type="3"/>
			<allowed_action type="1"/>
		</agent>
		<agent id="coordinator" label="coordinator" state="1" vertex_id="v32" stamina="1.0" max_stamina="1.0">
			<allowed_perception type="0"/>
			<allowed_perception type="3"/>
			<allowed_action type="3"/>
		</agent>
		<agent id="a1" label="a1" state="1" vertex_id="v40" stamina="1.0" max_stamina="1.0">
			<allowed_perception type="3"/>
			<allowed_perception type="0"/>
			<allowed_perception type="4"/>
			<allowed_action type="2"/>
			<allowed_action type="1"/>
			<allowed_action type="3"/>
		</agent>
		<agent id="a3" label="a3" state="1" vertex_id="v13" stamina="1.0" max_stamina="1.0">
			<allowed_perception type="3"/>
			<allowed_perception type="4"/>
			<allowed_perception type="0"/>
			<allowed_action type="1"/>
			<allowed_action type="3"/>
			<allowed_action type="2"/>
		</agent>
		<agent id="a2" label="a2" state="1" vertex_id="v27" stamina="1.0" max_stamina="1.0">
			<allowed_perception type="3"/>
			<allowed_perception type="0"/>
			<allowed_perception type="4"/>
			<allowed_action type="2"/>
			<allowed_action type="1"/>
			<allowed_action type="3"/>
		</agent>
		<agent id="a5" label="a5" state="1" vertex_id="v29" stamina="1.0" max_stamina="1.0">
			<allowed_perception type="4"/>
			<allowed_perception type="3"/>
			<allowed_perception type="0"/>
			<allowed_action type="1"/>
			<allowed_action type="2"/>
			<allowed_action type="3"/>
		</agent>
	</society>
</environment>
